basDt,srtnCd,itmsNm,fltRt,clpr,lstgStCnt,justification
2025-12-16,0007C0,아크릴,243.59,67000,7980324,신규상장 첫날 (공모가 60~400% 제한폭 적용)
2025-07-04,000885,한화우,-40.51,42300,199033,원인 불명 이상치 (데이터 수집 노이즈/검토 필요)
2025-08-19,0008Z0,에스엔시스,50.0,45000,9436564,신규상장 첫날 (공모가 60~400% 제한폭 적용)
2025-12-04,0009K0,에임드바이오,300.0,44000,64156161,신규상장 첫날 (공모가 60~400% 제한폭 적용)
2025-12-22,0013V0,삼진식품,152.76,19210,9918656,신규상장 첫날 (공모가 60~400% 제한폭 적용)
2025-11-17,0015G0,그린광학,42.81,22850,11702541,신규상장 첫날 (공모가 60~400% 제한폭 적용)
2025-11-27,0015N0,아로마티카,149.0,19920,12715050,신규상장 첫날 (공모가 60~400% 제한폭 적용)
2025-12-10,0015S0,페스카로,74.84,27100,9662730,신규상장 첫날 (공모가 60~400% 제한폭 적용)
2025-12-05,0054V0,엔에이치스팩32호,92.0,3840,6216500,신규상장 첫날 (공모가 60~400% 제한폭 적용)
2025-11-28,0096B0,삼성스팩12호,51.5,3030,6580000,신규상장 첫날 (공모가 60~400% 제한폭 적용)
2025-12-01,0096D0,미래에셋비전스팩9호,66.75,3335,5500000,신규상장 첫날 (공모가 60~400% 제한폭 적용)
2025-12-19,0099X0,IBKS제25호스팩,35.75,2715,5980000,신규상장 첫날 (공모가 60~400% 제한폭 적용)
2025-05-16,012600,청호ICT,-92.05,198,46634517,원인 불명 이상치 (데이터 수집 노이즈/검토 필요)
2025-11-17,014200,광림,-75.3,1492,15117780,원인 불명 이상치 (데이터 수집 노이즈/검토 필요)
2025-11-18,014200,광림,33.98,1999,15117780,원인 불명 이상치 (데이터 수집 노이즈/검토 필요)
2025-11-25,014200,광림,57.75,2950,15117780,원인 불명 이상치 (데이터 수집 노이즈/검토 필요)
2025-08-28,019590,에스유앤피,-88.72,312,37988847,원인 불명 이상치 (데이터 수집 노이즈/검토 필요)
2025-07-03,023460,CNH,-55.05,49,37200000,원인 불명 이상치 (데이터 수집 노이즈/검토 필요)
2025-07-10,023460,CNH,-40.74,16,37200000,원인 불명 이상치 (데이터 수집 노이즈/검토 필요)
2025-07-11,023460,CNH,-43.75,9,37200000,원인 불명 이상치 (데이터 수집 노이즈/검토 필요)
2025-09-01,024810,이화전기,-89.54,94,218948640,원인 불명 이상치 (데이터 수집 노이즈/검토 필요)
2025-09-03,024810,이화전기,182.61,260,218948640,원인 불명 이상치 (데이터 수집 노이즈/검토 필요)
2025-09-04,024810,이화전기,-39.62,157,218948640,원인 불명 이상치 (데이터 수집 노이즈/검토 필요)
2025-09-08,024810,이화전기,49.75,295,218948640,원인 불명 이상치 (데이터 수집 노이즈/검토 필요)
2025-09-09,024810,이화전기,35.59,400,218948640,원인 불명 이상치 (데이터 수집 노이즈/검토 필요)
2025-03-19,038340,MIT,-77.45,278,32424892,원인 불명 이상치 (데이터 수집 노이즈/검토 필요)
2025-03-21,038340,MIT,53.46,399,32424892,원인 불명 이상치 (데이터 수집 노이즈/검토 필요)
2025-03-24,038340,MIT,-39.85,240,32424892,원인 불명 이상치 (데이터 수집 노이즈/검토 필요)
2025-03-27,038340,MIT,-68.18,70,32424892,원인 불명 이상치 (데이터 수집 노이즈/검토 필요)
2025-08-11,044060,조광ILI,-93.03,51,95732184,원인 불명 이상치 (데이터 수집 노이즈/검토 필요)
2025-12-18,054630,에이디칩스,-79.11,330,7970946,원인 불명 이상치 (데이터 수집 노이즈/검토 필요)
2025-12-23,054630,에이디칩스,-43.18,125,7970946,원인 불명 이상치 (데이터 수집 노이즈/검토 필요)
2025-12-26,054630,에이디칩스,-32.86,94,7970946,원인 불명 이상치 (데이터 수집 노이즈/검토 필요)
2025-12-29,054630,에이디칩스,-84.04,15,7970946,원인 불명 이상치 (데이터 수집 노이즈/검토 필요)
2025-11-14,061090,세나테크놀로지,41.2,80200,5577274,신규상장 첫날 (공모가 60~400% 제한폭 적용)
2025-06-09,071460,위니아,-90.38,59,35967295,원인 불명 이상치 (데이터 수집 노이즈/검토 필요)
2025-06-10,071460,위니아,-32.2,40,35967295,원인 불명 이상치 (데이터 수집 노이즈/검토 필요)
2025-06-16,071460,위니아,-32.35,23,35967295,원인 불명 이상치 (데이터 수집 노이즈/검토 필요)
2025-06-17,071460,위니아,-56.52,10,35967295,원인 불명 이상치 (데이터 수집 노이즈/검토 필요)
2025-06-09,072520,제넨바이오,-92.03,31,74163194,원인 불명 이상치 (데이터 수집 노이즈/검토 필요)
2025-06-10,072520,제넨바이오,-32.26,21,74163194,원인 불명 이상치 (데이터 수집 노이즈/검토 필요)
2025-06-11,072520,제넨바이오,195.24,62,74163194,원인 불명 이상치 (데이터 수집 노이즈/검토 필요)
2025-06-12,072520,제넨바이오,-40.32,37,74163194,원인 불명 이상치 (데이터 수집 노이즈/검토 필요)
2025-06-16,072520,제넨바이오,-40.74,16,74163194,원인 불명 이상치 (데이터 수집 노이즈/검토 필요)
2025-06-17,072520,제넨바이오,-62.5,6,74163194,원인 불명 이상치 (데이터 수집 노이즈/검토 필요)
2025-02-10,078940,퀀타피아,-97.3,77,53094278,원인 불명 이상치 (데이터 수집 노이즈/검토 필요)
2025-02-11,078940,퀀타피아,-40.26,46,53094278,원인 불명 이상치 (데이터 수집 노이즈/검토 필요)
2025-02-12,078940,퀀타피아,52.17,70,53094278,원인 불명 이상치 (데이터 수집 노이즈/검토 필요)
2025-08-08,086460,큐러블,-44.08,699,146970,원인 불명 이상치 (데이터 수집 노이즈/검토 필요)
2025-08-11,086460,큐러블,-57.51,297,146970,원인 불명 이상치 (데이터 수집 노이즈/검토 필요)
2025-08-12,086460,큐러블,34.34,399,146970,원인 불명 이상치 (데이터 수집 노이즈/검토 필요)
2025-08-13,086460,큐러블,-66.17,135,146970,원인 불명 이상치 (데이터 수집 노이즈/검토 필요)
2025-08-14,086460,큐러블,-57.78,57,146970,원인 불명 이상치 (데이터 수집 노이즈/검토 필요)
2025-10-16,091090,세원이앤씨,-78.66,271,52754723,원인 불명 이상치 (데이터 수집 노이즈/검토 필요)
2025-10-23,091090,세원이앤씨,-37.61,136,52754723,원인 불명 이상치 (데이터 수집 노이즈/검토 필요)
2025-09-02,093230,이아이디,-96.41,50,254384360,원인 불명 이상치 (데이터 수집 노이즈/검토 필요)
2025-09-03,093230,이아이디,110.0,105,254384360,원인 불명 이상치 (데이터 수집 노이즈/검토 필요)
2025-09-09,093230,이아이디,-36.27,65,254384360,원인 불명 이상치 (데이터 수집 노이즈/검토 필요)
2025-09-10,093230,이아이디,-49.23,33,254384360,원인 불명 이상치 (데이터 수집 노이즈/검토 필요)
2025-09-01,096040,이트론,-94.83,14,906131295,원인 불명 이상치 (데이터 수집 노이즈/검토 필요)
2025-09-03,096040,이트론,45.45,16,906131295,원인 불명 이상치 (데이터 수집 노이즈/검토 필요)
2025-09-08,096040,이트론,-44.44,10,906131295,원인 불명 이상치 (데이터 수집 노이즈/검토 필요)
2025-09-09,096040,이트론,-50.0,5,906131295,원인 불명 이상치 (데이터 수집 노이즈/검토 필요)
2025-01-24,096250,와이즈넛,-36.47,10800,13065612,신규상장 첫날 (공모가 60~400% 제한폭 적용)
2025-03-20,098070,한텍,144.44,26400,11121141,신규상장 첫날 (공모가 60~400% 제한폭 적용)
2025-11-19,102280,쌍방울,-67.1,885,26259210,원인 불명 이상치 (데이터 수집 노이즈/검토 필요)
2025-11-20,102280,쌍방울,-42.15,512,26259210,원인 불명 이상치 (데이터 수집 노이즈/검토 필요)
2025-11-27,102280,쌍방울,-34.78,450,26259210,원인 불명 이상치 (데이터 수집 노이즈/검토 필요)
2025-05-09,136150,원일티엔아이,165.93,35900,8381030,신규상장 첫날 (공모가 60~400% 제한폭 적용)
2025-11-17,151910,퓨처코어,-88.28,75,190071722,원인 불명 이상치 (데이터 수집 노이즈/검토 필요)
2025-11-21,151910,퓨처코어,-30.56,25,190071722,원인 불명 이상치 (데이터 수집 노이즈/검토 필요)
2025-11-25,151910,퓨처코어,-44.44,15,190071722,원인 불명 이상치 (데이터 수집 노이즈/검토 필요)
2025-02-05,160600,이큐셀,-84.13,492,52765541,원인 불명 이상치 (데이터 수집 노이즈/검토 필요)
2025-02-11,160600,이큐셀,38.89,500,52765541,원인 불명 이상치 (데이터 수집 노이즈/검토 필요)
2025-02-12,212710,아이에스티이,97.37,22500,8999478,신규상장 첫날 (공모가 60~400% 제한폭 적용)
2025-03-20,214870,한울BnC,-97.1,201,9359221,원인 불명 이상치 (데이터 수집 노이즈/검토 필요)
2025-03-27,214870,한울BnC,-31.76,58,9359221,원인 불명 이상치 (데이터 수집 노이즈/검토 필요)
2025-12-15,217590,티엠씨,80.32,16770,24094225,신규상장 첫날 (공모가 60~400% 제한폭 적용)
2025-06-10,226440,한송네오텍,-96.6,52,65739186,원인 불명 이상치 (데이터 수집 노이즈/검토 필요)
2025-06-18,226440,한송네오텍,-59.26,11,65739186,원인 불명 이상치 (데이터 수집 노이즈/검토 필요)
2025-03-07,226590,엠디바이스,32.93,11100,10567784,신규상장 첫날 (공모가 60~400% 제한폭 적용)
2025-07-07,234030,싸이닉솔루션,69.36,7960,23605000,신규상장 첫날 (공모가 60~400% 제한폭 적용)
2025-04-23,258540,에스엘테라퓨틱스,-92.17,47,10378119,원인 불명 이상치 (데이터 수집 노이즈/검토 필요)
2025-04-25,258540,에스엘테라퓨틱스,50.98,77,10378119,원인 불명 이상치 (데이터 수집 노이즈/검토 필요)
2025-05-02,258540,에스엘테라퓨틱스,61.97,115,10378119,원인 불명 이상치 (데이터 수집 노이즈/검토 필요)
2025-12-11,261520,이지스,36.67,20500,9551420,신규상장 첫날 (공모가 60~400% 제한폭 적용)
2025-12-17,266870,파워풀엑스,-51.4,313,6408680,원인 불명 이상치 (데이터 수집 노이즈/검토 필요)
2025-02-25,268600,셀리버리,-97.86,143,37183234,원인 불명 이상치 (데이터 수집 노이즈/검토 필요)
2025-02-26,268600,셀리버리,-40.56,85,37183234,원인 불명 이상치 (데이터 수집 노이즈/검토 필요)
2025-03-04,268600,셀리버리,-31.03,40,37183234,원인 불명 이상치 (데이터 수집 노이즈/검토 필요)
2025-03-05,268600,셀리버리,-42.5,23,37183234,원인 불명 이상치 (데이터 수집 노이즈/검토 필요)
2025-03-06,268600,셀리버리,-30.43,16,37183234,원인 불명 이상치 (데이터 수집 노이즈/검토 필요)
2025-05-19,283100,노보믹스,-85.18,75,7697351,원인 불명 이상치 (데이터 수집 노이즈/검토 필요)
2025-05-26,283100,노보믹스,-40.74,32,7697351,원인 불명 이상치 (데이터 수집 노이즈/검토 필요)
2025-05-27,283100,노보믹스,40.63,45,7697351,원인 불명 이상치 (데이터 수집 노이즈/검토 필요)
2025-05-23,287840,인투셀,95.29,33200,14829094,신규상장 첫날 (공모가 60~400% 제한폭 적용)
2025-08-11,290380,대유,-74.35,590,24713612,원인 불명 이상치 (데이터 수집 노이즈/검토 필요)
2025-08-12,290380,대유,41.53,835,24713612,원인 불명 이상치 (데이터 수집 노이즈/검토 필요)
2025-02-05,299910,애닉,-92.92,487,4721384,원인 불명 이상치 (데이터 수집 노이즈/검토 필요)
2025-02-06,299910,애닉,-41.89,283,4721384,원인 불명 이상치 (데이터 수집 노이즈/검토 필요)
2025-02-10,299910,애닉,-43.0,114,4721384,원인 불명 이상치 (데이터 수집 노이즈/검토 필요)
2025-02-17,303810,동국생명과학,39.22,12530,15992070,신규상장 첫날 (공모가 60~400% 제한폭 적용)
2025-08-07,309710,아이티켐,92.86,31050,12583001,신규상장 첫날 (공모가 60~400% 제한폭 적용)
2025-10-01,317450,명인제약,110.17,121900,14600000,신규상장 첫날 (공모가 60~400% 제한폭 적용)
2025-06-10,323230,엠에프엠코리아,-88.2,19,43274492,원인 불명 이상치 (데이터 수집 노이즈/검토 필요)
2025-06-11,323230,엠에프엠코리아,68.42,32,43274492,원인 불명 이상치 (데이터 수집 노이즈/검토 필요)
2025-06-13,323230,엠에프엠코리아,-32.0,17,43274492,원인 불명 이상치 (데이터 수집 노이즈/검토 필요)
2025-06-16,323230,엠에프엠코리아,-35.29,11,43274492,원인 불명 이상치 (데이터 수집 노이즈/검토 필요)
2025-06-17,323230,엠에프엠코리아,-45.45,6,43274492,원인 불명 이상치 (데이터 수집 노이즈/검토 필요)
2025-06-18,323230,엠에프엠코리아,-50.0,3,43274492,원인 불명 이상치 (데이터 수집 노이즈/검토 필요)
2025-07-15,331740,아우토크립트,40.23,30850,9569672,신규상장 첫날 (공모가 60~400% 제한폭 적용)
2025-01-24,373160,데이원컴퍼니,-40.0,7800,13605424,신규상장 첫날 (공모가 60~400% 제한폭 적용)
2025-05-12,376900,로킷헬스케어,34.09,14750,9669449,신규상장 첫날 (공모가 60~400% 제한폭 적용)
2025-07-25,380550,뉴로핏,45.0,20300,11476035,신규상장 첫날 (공모가 60~400% 제한폭 적용)
2025-11-20,388210,씨엠티엑스,117.52,131600,9272688,신규상장 첫날 (공모가 60~400% 제한폭 적용)
2025-06-30,388610,지에프씨생명과학,112.75,32550,5225709,원인 불명 이상치 (데이터 수집 노이즈/검토 필요)
2025-03-06,393970,대진첨단소재,34.56,12110,14796820,신규상장 첫날 (공모가 60~400% 제한폭 적용)
2025-05-19,424870,이뮨온시아,108.33,7500,73004309,신규상장 첫날 (공모가 60~400% 제한폭 적용)
2025-08-01,439260,대한조선,84.8,92400,38526312,신규상장 첫날 (공모가 60~400% 제한폭 적용)
2025-02-14,446600,카이바이오텍,150.0,16000,981281,원인 불명 이상치 (데이터 수집 노이즈/검토 필요)
2025-02-17,446600,카이바이오텍,85.31,29650,981281,원인 불명 이상치 (데이터 수집 노이즈/검토 필요)
2025-02-21,446600,카이바이오텍,-55.99,10980,981281,원인 불명 이상치 (데이터 수집 노이즈/검토 필요)
2025-02-24,446600,카이바이오텍,36.61,15000,981281,원인 불명 이상치 (데이터 수집 노이즈/검토 필요)
2025-04-04,448900,한국피아이엠,43.75,16100,6004457,원인 불명 이상치 (데이터 수집 노이즈/검토 필요)
2025-01-24,450950,아스테라시스,44.35,6640,36514642,신규상장 첫날 (공모가 60~400% 제한폭 적용)
2025-08-14,456160,지투지바이오,61.72,93800,5365694,신규상장 첫날 (공모가 60~400% 제한폭 적용)
2025-05-08,459510,나우로보틱스,126.47,15400,12547732,신규상장 첫날 (공모가 60~400% 제한폭 적용)
2025-02-04,462980,아이지넷,-37.79,4355,18234437,신규상장 첫날 (공모가 60~400% 제한폭 적용)
2025-07-04,463020,뉴엔AI,156.0,38400,8879200,신규상장 첫날 (공모가 60~400% 제한폭 적용)
2025-02-20,463480,모티브링크,193.5,17610,12390358,신규상장 첫날 (공모가 60~400% 제한폭 적용)
2025-11-07,469610,이노테크,300.0,58800,8876900,신규상장 첫날 (공모가 60~400% 제한폭 적용)
2025-06-02,475430,키스트론,168.33,9660,17848110,신규상장 첫날 (공모가 60~400% 제한폭 적용)
2025-05-09,476040,오가노이드사이언스,52.38,32000,6505950,신규상장 첫날 (공모가 60~400% 제한폭 적용)
2025-12-18,476830,알지노믹스,300.0,90000,13756000,신규상장 첫날 (공모가 60~400% 제한폭 적용)
2025-12-17,478340,나라스페이스테크놀로지,64.55,27150,11533591,신규상장 첫날 (공모가 60~400% 제한폭 적용)
2025-02-24,479960,위너스,300.0,34000,6851000,신규상장 첫날 (공모가 60~400% 제한폭 적용)
2025-05-22,483650,달바글로벌,66.06,110100,12069665,신규상장 첫날 (공모가 60~400% 제한폭 적용)
2025-07-23,484120,도우인시스,38.59,44350,10757022,신규상장 첫날 (공모가 60~400% 제한폭 적용)
2025-08-18,484590,삼양컴텍,116.1,16640,41210450,신규상장 첫날 (공모가 60~400% 제한폭 적용)
2025-03-20,484810,티엑스알로보틱스,53.33,20700,15450915,신규상장 첫날 (공모가 60~400% 제한폭 적용)
2025-11-03,486990,노타,240.66,31000,21161880,신규상장 첫날 (공모가 60~400% 제한폭 적용)
2025-09-19,488280,에스투더블유,81.44,23950,10587956,신규상장 첫날 (공모가 60~400% 제한폭 적용)
2025-11-21,488900,비츠로넥스텍,85.65,12810,28976443,신규상장 첫날 (공모가 60~400% 제한폭 적용)
2025-05-20,489460,바이오비쥬,101.98,18380,15044430,신규상장 첫날 (공모가 60~400% 제한폭 적용)
2025-02-25,489500,엘케이켐,180.0,58800,6278056,신규상장 첫날 (공모가 60~400% 제한폭 적용)
2025-11-13,494120,큐리오시스,300.0,88000,7606082,신규상장 첫날 (공모가 60~400% 제한폭 적용)
2025-01-06,900280,골든센츄리,-40.0,3,205404288,원인 불명 이상치 (데이터 수집 노이즈/검토 필요)
2025-01-07,900280,골든센츄리,-66.67,1,205404288,원인 불명 이상치 (데이터 수집 노이즈/검토 필요)
2025-12-09,950250,테라뷰,100.0,16000,35517731,신규상장 첫날 (공모가 60~400% 제한폭 적용)
