basDt,2차전지/화학,IT/반도체,건설/부동산,금융/지주,기계/유틸리티,기타/서비스,미디어/컨텐츠/게임,바이오/헬스케어,소비재/유통/식음료,자동차/운송장비,철강/소재
2025-01-02,0.43981132075471696,1.761596958174905,1.6764556962025317,0.2955123674911661,3.239237804878049,0.8101293103448276,2.1089527027027026,1.16716,1.061720430107527,1.6968055555555557,1.0828994082840235
2025-01-03,2.241207547169811,2.335475285171103,0.5220253164556963,0.5370318021201413,1.4559756097560976,0.9834626436781609,1.3637162162162162,1.56644,1.280215053763441,0.7594444444444445,1.0963905325443786
2025-01-06,1.577433962264151,2.862851711026616,0.3369620253164557,0.6817314487632509,1.9416768292682927,1.0151149425287356,1.6141891891891893,2.78528,0.11623655913978496,0.6438194444444444,0.6453846153846154
2025-01-07,0.030150943396226412,-0.49992395437262355,0.9016455696202532,0.006607773851590101,0.21301829268292685,0.15591954022988505,-0.20148648648648648,0.009280000000000002,0.19344086021505374,0.28868055555555555,0.02994082840236686
2025-01-08,0.824943396226415,1.0298859315589355,-0.34164556962025316,-0.009575971731448772,0.8964024390243902,0.28719424460431653,-0.2756081081081081,0.09147999999999999,0.6535483870967742,0.44972222222222225,-0.11502958579881656
2025-01-09,0.22826415094339622,-0.6608745247148289,0.09531645569620255,-0.12530035335689046,0.8004878048780488,0.047856115107913676,-0.6786486486486486,0.53712,0.0160215053763441,0.075625,0.10106508875739643
2025-01-10,-0.17135849056603772,0.011140684410646378,0.3711392405063291,0.18508833922261483,0.28152439024390247,0.31864748201438853,-0.08412162162162162,-0.84384,0.1095698924731183,1.065,0.6801183431952662
2025-01-13,-0.9435094339622642,-2.199277566539924,-1.2050632911392405,-0.4853710247349823,-1.076768292682927,-0.555021582733813,-1.50875,-1.05416,-0.6479569892473118,-0.6389583333333333,-0.074792899408284
2025-01-14,0.8579622641509435,0.5323574144486692,-0.18113924050632912,0.14190812720848056,0.969329268292683,0.5852086330935252,0.5951013513513513,0.08298804780876494,0.2696774193548387,1.1421527777777778,0.8453254437869824
2025-01-15,-0.6213962264150944,-0.43250950570342206,-1.369367088607595,-0.16646643109540635,-0.3729878048780488,-0.39423021582733814,-0.2651013513513514,-1.3947410358565737,-0.25354838709677413,-0.6275,0.10349112426035505
2025-01-16,1.4344528301886792,1.4080988593155892,0.35822784810126584,0.36568904593639573,1.160670731707317,0.5397985611510792,1.4168918918918918,1.1763745019920318,0.5688172043010753,0.16104166666666667,0.7444970414201184
2025-01-17,0.17732075471698114,0.3738783269961977,-0.678860759493671,0.22028268551236752,0.8996951219512196,-0.13284892086330935,-0.34,-0.6510756972111553,-0.2643010752688172,0.1363888888888889,0.6497041420118344
2025-01-20,0.7681509433962265,0.9756273764258554,-0.7712658227848102,-0.15201413427561836,0.22009146341463415,-0.24594244604316548,-0.13993243243243245,-0.5673705179282869,-0.42107526881720425,0.005000000000000006,0.43053254437869815
2025-01-21,-1.1189056603773584,-0.1338783269961977,-0.3449367088607595,0.04326241134751774,-0.03128048780487805,-0.11227011494252874,-0.4508445945945946,-0.1352589641434263,-0.27698924731182795,-0.35694444444444445,0.15207100591715975
2025-01-22,0.16860377358490566,0.8926996197718631,-0.12240506329113925,-0.007446808510638294,0.9403658536585365,-0.21031609195402298,0.47652027027027033,-0.5469721115537848,-0.8312903225806452,0.5125,-0.22449704142011837
2025-01-23,-1.6009811320754717,-1.5313307984790876,-0.9383544303797468,-0.4481978798586573,-1.8355487804878048,-0.6190530846484936,-0.9492229729729731,-0.9602390438247012,-0.29064516129032253,-0.5290972222222222,-1.4923668639053256
2025-01-24,0.06245283018867925,0.5324714828897338,0.7296202531645569,0.363356890459364,0.8076829268292683,0.25929799426934097,0.29680134680134684,0.7049603174603175,0.08086021505376342,1.0814583333333332,0.764792899408284
2025-01-31,-0.4779245283018868,-1.178212927756654,-0.6892405063291139,0.374452296819788,-1.3533231707317073,-0.5009598853868195,0.82,-0.48214285714285715,-0.7446236559139785,-0.48763888888888896,-1.0812426035502958
2025-02-03,-2.6986090225563912,-3.4836882129277567,-1.8107594936708862,-1.1026148409893994,-2.857408536585366,-1.8102578796561604,-1.4724579124579125,-2.2177380952380954,-1.075268817204301,-2.835277777777778,-1.7884023668639053
2025-02-04,1.0664285714285715,1.906768060836502,0.980632911392405,0.7701418439716312,1.8851975683890578,1.3280400572246065,2.0433670033670035,1.5759126984126983,1.5654838709677419,1.1696527777777779,0.9876331360946745
2025-02-05,1.171390977443609,1.3782954545454547,0.3072151898734178,0.2173049645390071,1.2558358662613982,0.36157367668097284,1.633030303030303,0.9178968253968254,0.7170967741935483,1.316875,0.43017751479289945
2025-02-06,1.053157894736842,1.1289015151515152,2.4269620253164557,0.45010638297872335,1.2369604863221884,0.34008583690987126,0.674006734006734,0.8167857142857143,0.9881720430107528,0.024097222222222225,0.5526627218934912
2025-02-07,-0.4527067669172932,1.3303030303030303,-0.6215189873417721,-0.3369148936170213,0.36829787234042555,-0.7203004291845494,-0.64996632996633,-0.8138492063492063,-0.6054838709677419,0.4391666666666667,-0.7340828402366864
2025-02-10,0.6440601503759398,1.818901515151515,-0.11392405063291138,-0.0887188612099644,1.4301519756838905,0.18240343347639487,0.8532323232323232,0.2675396825396825,0.5131182795698924,0.08555555555555555,-0.21526627218934907
2025-02-11,0.27409774436090223,0.005568181818181803,0.2516455696202532,0.0036428571428571326,0.4101823708206687,0.16138769670958514,0.45333333333333337,0.08440476190476191,-0.1095698924731183,0.4381944444444444,0.6776331360946746
2025-02-12,-0.46718045112781953,0.1830188679245283,0.03734177215189875,0.6203928571428572,-0.5260790273556231,-0.08599427753934191,-0.9777104377104376,-0.8337301587301587,-0.29473118279569893,-0.33333333333333337,-0.7214792899408284
2025-02-13,1.3929323308270676,0.6284528301886793,1.9177215189873418,0.20125,1.0153799392097265,0.3070958512160229,0.34851851851851856,0.2585375494071146,0.24559139784946232,1.3189583333333335,1.4130769230769231
2025-02-14,0.06902255639097744,1.1429056603773584,0.030379746835443065,0.31385714285714283,0.5530091185410334,0.0772883787661406,-0.06518518518518518,0.2765748031496063,0.1440860215053764,0.046805555555555545,-0.043372781065088746
2025-02-17,1.4667669172932332,1.568943396226415,0.4669620253164557,0.9589285714285715,1.2221884498480244,0.8565423242467719,0.8827946127946128,1.439450980392157,0.8704301075268818,0.05722222222222222,0.7788757396449704
2025-02-18,0.28191729323308273,0.6224528301886793,0.32810126582278476,0.23096428571428573,1.613191489361702,0.23182209469153514,0.8574410774410774,0.805843137254902,-0.06376344086021508,0.17430555555555557,0.19804733727810656
2025-02-19,1.4200000000000002,0.9344528301886792,0.6843037974683543,0.4312142857142857,0.7119756838905775,0.4351867816091954,0.21303030303030304,-0.17086274509803923,0.5540860215053763,1.0410416666666666,0.8328402366863905
2025-02-20,-0.036804511278195486,-0.5949624060150377,-0.6224050632911393,0.02682142857142857,-1.6434954407294835,0.04708333333333334,0.43659932659932654,-0.4053333333333333,0.36924731182795695,0.09131944444444443,-0.42272189349112427
2025-02-21,0.9656015037593986,0.6841729323308271,0.5977215189873417,0.3454285714285714,0.5484498480243161,0.14094964028776977,-0.2163973063973064,0.3914901960784314,0.2021505376344086,0.8476388888888889,0.9288757396449704
2025-02-24,0.3036466165413534,-0.697593984962406,1.0049367088607595,0.03739285714285716,0.495939393939394,0.20089337175792504,-0.41609427609427607,-0.004235294117647063,0.5473118279569893,0.9431944444444444,0.4387573964497041
2025-02-25,-0.04520599250936333,-0.7801127819548872,-0.028354430379746838,0.06928571428571428,-0.8467575757575758,0.02079365079365078,-0.14579124579124578,-0.5036078431372548,0.02548387096774196,-0.3902083333333334,-0.40917159763313615
2025-02-26,0.32715355805243446,0.25469924812030076,0.3940506329113924,0.30960714285714286,0.7288181818181818,-0.08825396825396827,0.4211111111111111,0.3423529411764706,0.5255913978494623,0.5702777777777778,0.7497633136094675
2025-02-27,-0.06629213483146065,-0.7590601503759399,-0.015443037974683558,-0.2993928571428571,-1.2782727272727272,-0.2366955266955267,-0.6238720538720538,-0.09807843137254903,-0.3719354838709677,-0.35118055555555555,-0.7022485207100592
2025-02-28,-2.472734082397004,-2.1233082706766915,-1.4936708860759493,-1.0970609318996416,-2.6111818181818185,-1.6117027417027419,-2.086430976430976,-1.9749411764705882,-1.6746808510638296,-1.9627083333333333,-1.657810650887574
2025-03-04,-1.6545318352059926,-1.2643233082706766,-0.27113924050632915,-0.6230824372759857,-0.9651212121212122,-0.5016305916305916,-1.4253872053872052,-0.47549019607843135,-0.5109574468085106,-0.13583333333333336,-0.28976331360946744
2025-03-05,1.3619101123595505,1.382781954887218,2.152025316455696,0.49369175627240147,1.9428181818181818,1.0337373737373736,1.1975420875420877,0.7601176470588235,1.2269148936170213,1.1490277777777778,2.8494674556213018
2025-03-06,-0.12063432835820895,-1.0386090225563909,0.34367088607594937,0.2875627240143369,-1.3405151515151514,-0.22935064935064936,0.12454545454545456,-0.5008627450980392,0.3022340425531915,0.12013888888888886,-0.17491124260355026
2025-03-07,-0.22742537313432837,-0.3197752808988764,-0.9402531645569621,-0.47233812949640286,-0.7441818181818182,-0.6058152958152958,-1.4892592592592593,-1.319294117647059,-0.48819148936170215,-0.5218055555555555,0.3422485207100591
2025-03-10,0.48679104477611945,-0.3359925093632959,-0.3951898734177215,0.20528776978417265,-0.0834242424242424,-0.1924963924963925,-0.027441077441077426,0.518156862745098,0.07234042553191487,0.33916666666666667,-0.046153846153846156
2025-03-11,-0.6586940298507463,-0.4771535580524344,-1.118607594936709,-0.710863309352518,-0.15778787878787875,-0.6491341991341991,-0.9024915824915826,-0.3925882352941176,-0.6064893617021276,-1.3259027777777779,-1.2008284023668638
2025-03-12,0.941455223880597,1.7243445692883896,0.10531645569620253,0.35575539568345327,1.2227878787878788,0.3882395382395383,0.5971380471380471,0.8444313725490196,0.2681914893617021,0.3086111111111111,0.6114792899408285
2025-03-13,-0.5993283582089552,-0.3770411985018727,-0.4260759493670886,-0.011330935251798563,-0.5730909090909091,-0.22860028860028858,-0.1055892255892256,-0.5889803921568627,-0.3847872340425532,0.028124999999999997,-0.5592899408284023
2025-03-14,0.3932462686567164,1.289250936329588,0.49063291139240506,0.6271326164874552,1.5988787878787878,0.489033189033189,0.9881481481481482,0.8609019607843137,0.7498936170212765,0.5002083333333334,0.5871597633136095
2025-03-17,0.18511194029850747,0.7133333333333333,-0.12227848101265823,0.45097122302158277,0.6071299093655589,0.40176046176046176,-0.36494949494949497,0.16368627450980394,-0.04872340425531915,0.5964583333333333,0.2557396449704142
2025-03-18,-0.13776119402985074,-0.44498127340823973,0.44936708860759494,0.07863309352517986,-0.06761329305135949,0.2937662337662338,0.2798316498316498,0.5927450980392157,-0.029148936170212764,-0.09743055555555555,0.35248520710059167
2025-03-19,0.20033582089552235,0.15205992509363295,-0.24860759493670886,0.3657913669064748,-0.1906646525679758,-0.31132756132756134,-0.23124579124579128,-0.3236862745098039,-0.14234042553191492,-0.15916666666666668,-0.2998224852071006
2025-03-20,-0.20936567164179104,-0.5656928838951311,-0.22569620253164555,-0.1129390681003584,-0.9862048192771085,-0.5483694083694084,-1.4086531986531987,-1.0920392156862746,-0.5715957446808511,-0.5842361111111111,-0.013999999999999981
2025-03-21,-0.5095522388059701,-0.37280898876404495,-0.3307594936708861,-0.1917562724014337,-0.7028012048192771,-0.28113997113997113,-0.4727181208053691,-0.9054117647058824,-0.17531914893617018,-1.134375,-0.48570588235294115
2025-03-24,-0.23167910447761192,-0.21655430711610488,-0.9656962025316455,0.040537634408602134,-0.4934834834834834,0.029191919191919193,0.27691275167785234,0.29784313725490197,-0.1447872340425532,1.2045138888888889,-0.05270588235294118
2025-03-25,-1.0538805970149254,-1.5091385767790262,-0.18569620253164557,-0.4659498207885305,-1.296156156156156,-0.36059163059163063,-0.6127181208053691,0.2685882352941177,-0.6063829787234043,0.48701388888888886,-0.9228823529411766
2025-03-26,0.6986194029850746,0.49868913857677905,1.4543037974683544,0.014731182795698933,0.7076876876876876,-0.03919191919191919,1.3151342281879195,-0.013568627450980406,0.5919148936170213,0.43006944444444445,0.5060588235294118
2025-03-27,-0.9325,-1.334007490636704,0.45113924050632914,-0.2563440860215054,-1.2424924924924925,-0.6108658008658009,-0.6803355704697986,-0.36890196078431375,0.44925531914893624,-1.1954166666666666,-0.5644117647058823
2025-03-28,-1.2458955223880597,-2.077752808988764,-1.3954430379746834,-0.626294964028777,-2.0975375375375376,-0.8802023121387283,-1.5515771812080537,-1.3202745098039217,0.15861702127659574,-1.842986111111111,-1.3936842105263159
2025-03-31,-2.6630970149253734,-2.8761048689138575,-1.04,-1.3375539568345323,-2.6853453453453455,-1.6010998552821996,-3.008255033557047,-2.216980392156863,-1.267659574468085,-1.8999305555555555,-2.3787134502923974
2025-04-01,2.246268656716418,2.021647940074906,3.1415189873417724,1.1393525179856114,2.389039039039039,1.9914057971014492,3.2818791946308723,2.0706666666666664,2.8117021276595744,2.767847222222222,2.006900584795322
2025-04-02,-0.7729477611940299,-0.8229213483146067,-0.07518987341772154,-0.4231654676258993,-0.7477777777777778,-0.5433478260869565,-0.6554362416107382,-1.0620784313725489,0.8988297872340425,-0.8609027777777778,-0.4965497076023392
2025-04-03,-0.8422761194029851,-0.6292883895131086,0.16556962025316452,-0.5140287769784173,-0.5998198198198198,-0.34028985507246373,-0.22117449664429528,-0.24219607843137253,-0.859578947368421,-0.32048611111111114,-0.07169590643274854
2025-04-04,0.8304477611940299,0.30003745318352065,0.9151898734177215,0.5287003610108303,-0.20822822822822823,1.060550724637681,1.674496644295302,0.6176078431372549,1.1854736842105265,1.49625,1.588245614035088
2025-04-07,-4.3057089552238805,-4.990786516853932,-0.9117721518987342,-2.219097472924188,-5.461501501501502,-2.7628260869565215,-2.6511073825503355,-4.31678431372549,-2.4223157894736844,-2.6011805555555556,-3.6445029239766082
2025-04-08,0.41175373134328364,0.8226591760299625,2.062658227848101,0.37407942238267144,0.6069369369369368,1.2908260869565218,1.3667114093959731,1.2797254901960784,1.5161052631578948,1.458888888888889,1.4767251461988304
2025-04-09,-2.0683955223880597,-1.9509737827715354,-0.46088607594936715,-0.9534296028880868,-1.693933933933934,-1.6469565217391307,-1.9023154362416106,-1.7961960784313726,-2.0633684210526315,-2.0325,-0.8619298245614035
2025-04-10,5.288283582089552,5.483895131086142,1.9540506329113925,3.1335740072202167,5.445735735735736,3.758710144927536,4.237348993288591,4.220235294117647,3.136842105263158,3.619652777777778,4.407134502923976
2025-04-11,1.0557462686567165,1.3550187265917604,0.5203797468354431,0.5399277978339351,1.8164564564564565,1.3633768115942029,2.086174496644295,2.23321568627451,0.8590526315789474,-0.055902777777777794,0.6938011695906433
2025-04-14,0.7440671641791045,2.5037453183520597,0.4249367088607595,0.9118050541516245,1.8558558558558558,1.0913623188405797,3.0154026845637585,1.4867843137254901,0.5970526315789474,1.279097222222222,1.1155555555555554
2025-04-15,0.8851865671641791,0.8361423220973783,1.2859493670886077,0.9503971119133574,1.5211111111111113,0.8197391304347826,0.6413758389261744,0.5147450980392156,2.092842105263158,1.7520833333333334,1.3656140350877193
2025-04-16,-1.1868283582089552,-1.1056554307116104,-0.25481012658227853,-0.1672202166064982,-1.485855855855856,-0.548463768115942,-0.5393959731543625,-0.3426666666666667,-0.2951578947368421,-0.747013888888889,-1.105906432748538
2025-04-17,1.08705223880597,1.3497378277153558,0.7886075949367088,0.8165703971119134,1.3714414414414415,0.9322608695652174,1.5888255033557048,0.7428627450980393,0.5137894736842106,0.84375,0.9984210526315789
2025-04-18,0.571231343283582,0.9898127340823969,1.3734177215189873,0.6772563176895307,0.7351051051051051,0.8908260869565217,0.7471476510067114,0.6521176470588235,0.9415789473684211,0.9489583333333333,1.1598830409356726
2025-04-21,0.0762313432835821,0.35415730337078655,0.44037974683544295,1.0974729241877257,0.19462462462462463,0.28369565217391307,0.195,0.09819607843137254,0.2804210526315789,0.07368055555555557,0.2550292397660819
2025-04-22,0.4134328358208955,-0.5891760299625468,-0.11860759493670887,-0.1727797833935018,0.43252252252252255,0.11105797101449275,-0.6380872483221477,0.1720392156862745,-0.8919999999999999,0.3728472222222222,0.6262573099415205
2025-04-23,1.494365671641791,1.5354681647940076,0.014556962025316483,0.15180505415162457,1.7182882882882884,0.4499130434782609,0.28724832214765106,0.4666666666666667,-0.5433684210526315,0.5294444444444444,0.7360233918128655
2025-04-24,0.004888059701492553,-0.24258426966292132,0.12164556962025316,0.10913357400722022,-0.29987987987987985,0.19571014492753622,0.29634228187919465,0.5139215686274509,0.10284210526315789,0.06076388888888887,-0.25491228070175437
2025-04-25,1.2504104477611941,1.2099250936329589,0.37303797468354427,0.5072563176895306,1.083993993993994,0.5879420289855073,0.6055369127516779,0.0066274509803921616,0.6716842105263158,0.6504166666666666,0.8859649122807017
2025-04-28,-0.7788059701492537,-0.6614606741573034,0.0636708860759494,-0.2866064981949458,-0.5047305389221557,-0.5348840579710145,0.22969798657718116,-1.6241176470588234,-1.262421052631579,-1.1335416666666667,-0.33935672514619886
2025-04-29,0.6181343283582089,0.5350936329588015,1.9783544303797467,1.126231884057971,0.5332537313432836,0.6561739130434783,0.7193288590604028,1.1791764705882353,0.9856842105263158,0.41333333333333333,0.7578947368421052
2025-04-30,-0.8385074626865672,-1.6554681647940075,1.0694936708860758,0.23724637681159422,-1.191731343283582,-0.3768550724637681,-1.0866778523489933,-0.7302745098039216,0.37094736842105264,-0.8331944444444443,-1.2229239766081872
2025-05-02,0.14414179104477612,0.09273408239700374,-0.6760759493670886,0.10166666666666666,0.33725373134328357,0.1371014492753623,-0.8162751677852349,0.06478431372549019,0.28063157894736845,-0.6785416666666666,0.31064327485380117
2025-05-07,0.06809701492537314,0.8410486891385768,0.9475949367088607,0.15384057971014492,0.9862985074626867,0.33621190130624096,1.585234899328859,-0.6265882352941177,0.8273684210526315,0.8249305555555555,0.08187134502923976
2025-05-08,1.2922388059701493,0.5249812734082396,-0.032658227848101275,-0.030688405797101446,0.9636309523809523,0.5660232220609579,0.5426174496644296,1.0077647058823531,-0.017999999999999978,0.6709027777777776,0.6183625730994152
2025-05-09,-0.93,-0.3588389513108614,-0.9927848101265824,-0.23634057971014494,-0.4658160237388724,-0.21036231884057968,-0.0014429530201342216,0.03784313725490194,-0.4451578947368421,0.23305555555555557,-0.7561988304093568
2025-05-12,1.039813432835821,2.0438951310861424,1.1773417721518988,1.1219927536231884,1.597240356083086,0.582536231884058,1.083020134228188,-0.3859375,1.4992631578947369,1.4859722222222222,1.1177777777777778
2025-05-13,0.007350746268656732,0.18760299625468166,-0.7658227848101266,0.6706521739130434,0.9015727002967359,0.07478260869565218,-0.2910738255033557,1.03390625,-0.09557894736842104,0.04472222222222225,-0.44415204678362574
2025-05-14,0.9045522388059701,1.2099250936329589,-0.13734177215189872,0.7981818181818182,1.6176854599406527,0.5915942028985507,0.21778523489932883,0.75078125,1.6756842105263157,0.7111805555555555,0.7448538011695907
2025-05-15,-0.6519776119402985,-0.5628464419475655,-1.1873417721518986,-0.34952554744525544,-1.2083679525222553,-0.3347901591895803,-0.4393959731543624,0.3949609375,-0.5791578947368421,-0.9558333333333334,-1.109298245614035
2025-05-16,-1.3779850746268658,-0.8969662921348315,0.2617721518987342,-0.07503676470588237,-0.670919881305638,-0.7343415340086831,-1.2269127516778524,-1.2786328125,-0.3675,-0.4286111111111111,-0.9869005847953216
2025-05-19,-1.0511940298507463,-1.321685393258427,-0.5691139240506329,-0.573014705882353,-1.4102077151335313,-0.6433236994219653,-1.7308389261744965,-0.39328125,-0.9428125,-1.0958333333333334,-1.1002923976608188
2025-05-20,0.405724907063197,-0.0955805243445693,1.0034177215189872,0.6261397058823529,0.8202077151335312,0.429364161849711,0.5493959731543624,0.5866015625,0.20177083333333332,0.6236805555555556,0.8935672514619883
2025-05-21,0.5811895910780669,0.5664419475655431,0.6120253164556962,0.5085294117647059,0.47605341246290805,0.49789017341040465,0.7357718120805369,1.7490234375,0.36260416666666667,0.3704166666666666,0.06409356725146198
2025-05-22,-0.6565925925925926,-1.437565543071161,-1.3951898734177215,-0.273639705882353,-1.3598516320474776,-0.18531791907514453,-1.0861073825503356,1.70625,-0.6422916666666667,-1.1929166666666666,-1.4430409356725145
2025-05-23,-0.3791481481481482,0.09662921348314607,0.8715189873417721,0.3719485294117647,-0.04821958456973294,-0.087027417027417,-0.20758389261744967,-1.0092578125,0.9465625000000001,-0.1264583333333333,0.7476023391812866
2025-05-26,0.8870370370370371,0.9788014981273407,-0.11468354430379746,0.7681481481481481,1.5554896142433237,0.4005916305916306,0.29647651006711406,0.9266015625,0.17625000000000002,0.6480555555555555,0.5184795321637427
2025-05-27,-0.2561851851851852,-0.37621722846441946,-0.0022784810126582245,0.11918518518518519,-0.3283086053412463,0.04648843930635838,-0.2988255033557047,0.24515625000000002,0.23312499999999994,-0.7691666666666667,0.11988304093567251
2025-05-28,1.7723703703703704,1.2537827715355805,0.011645569620253171,1.3013703703703703,0.5966765578635015,0.11668596237337192,1.2746644295302014,-0.6044140625,-0.17885416666666668,0.2956944444444444,0.520877192982456
2025-05-29,0.9647777777777778,0.6517977528089888,1.561518987341772,3.124169741697417,0.874005934718101,1.0765991316931982,0.8152013422818792,1.226640625,1.4622916666666665,1.4195833333333332,1.045497076023392
2025-05-30,-0.26185185185185184,-0.7566666666666667,-0.41240506329113924,-0.13003690036900367,-0.584272997032641,-0.01331403762662806,-0.2928523489932886,0.8670703125,-0.019895833333333335,-0.24659722222222222,0.11801169590643276
2025-06-02,0.4706296296296297,0.21146067415730338,-0.21974683544303797,-0.16438661710037175,0.13922848664688428,0.596228323699422,0.7242953020134228,-0.185703125,-0.08239583333333333,-0.32430555555555557,-0.25859649122807016
2025-06-04,1.924037037037037,1.6432958801498128,0.19468354430379753,3.3430855018587358,1.4077151335311573,1.1454046242774567,2.3281543624161074,0.07273437500000003,1.5179166666666666,1.1378472222222222,1.7471345029239767
2025-06-05,0.6710370370370371,1.2417228464419476,0.7450632911392405,0.45063197026022306,0.9959347181008902,0.598150289017341,0.841241610738255,-0.2934765625,1.6527083333333332,0.6826388888888889,1.247485380116959
2025-06-09,0.949962962962963,1.0005992509363295,0.4750632911392405,2.2837174721189593,0.36513353115727004,1.0838872832369943,2.59758389261745,0.9426953125,0.7933333333333333,1.0015972222222222,1.1010526315789473
2025-06-10,0.32403703703703707,0.15700374531835207,0.13240506329113927,-0.02122676579925651,0.05159763313609469,-0.11075144508670519,0.9921476510067115,0.80859375,-0.8675,0.025138888888888877,0.47228070175438597
2025-06-11,1.0874074074074076,1.6017602996254683,0.529620253164557,1.0407089552238806,1.2125443786982248,1.1612842712842713,1.3020134228187918,1.4841015625,0.8539583333333334,0.6663888888888888,0.5138011695906433
2025-06-12,0.25681481481481483,0.22303370786516852,1.341392405063291,0.14667910447761195,0.8640532544378698,0.25627705627705627,-0.00808724832214764,-0.368359375,0.5245833333333333,0.44854166666666667,0.7612280701754387
2025-06-13,-2.166333333333333,-1.9349438202247191,-1.4313924050632911,-1.3369776119402985,-1.6314201183431951,-1.4233333333333333,-1.6167449664429532,-2.0802734375,-1.3042708333333333,-1.854513888888889,-0.9880701754385965
2025-06-16,0.5718888888888889,0.6786516853932584,0.7512658227848101,1.6758955223880596,0.9947928994082841,0.5435982658959537,1.4996644295302013,0.05246093750000002,1.6135416666666667,0.651875,0.9399415204678362
2025-06-17,-0.3032962962962963,0.11876404494382023,-0.4021518987341772,-0.3288014981273408,0.2512389380530973,-0.44450867052023124,0.12073825503355706,0.4700390625,0.08822916666666668,-0.23479166666666662,-0.7138011695906433
2025-06-18,0.4414444444444444,0.9394756554307117,-0.4288607594936708,0.18322097378277155,0.1882890855457227,0.10240579710144929,2.8968791946308725,0.2290234375,-0.14677083333333332,0.4315972222222222,-0.1439766081871345
2025-06-19,0.0971111111111111,0.3588014981273408,-0.3613924050632911,0.18445692883895132,0.2885545722713864,0.30059593023255815,0.5885906040268457,-0.299375,0.2891666666666666,0.07388888888888888,0.17152046783625732
2025-06-20,1.5428888888888888,0.6541573033707865,-0.4826582278481013,0.2011985018726592,0.517551622418879,0.21841569767441862,0.853489932885906,0.45796875,0.7218749999999999,0.4425694444444444,0.018362573099415188
2025-06-23,-1.3132222222222223,-1.013071161048689,-0.48215189873417724,0.05314606741573032,-0.5824778761061947,-0.715,0.3361409395973154,-1.2403515625,-0.9553124999999999,-1.60125,-0.806608187134503
2025-06-24,1.7057777777777778,2.210449438202247,1.2921518987341771,1.7691760299625467,1.8856637168141592,1.2239244186046512,1.7741610738255036,1.0082421875,1.46875,1.7238194444444443,1.6445614035087717
2025-06-25,-0.09870370370370372,0.450936329588015,1.2135443037974685,0.3056554307116105,0.31716814159292034,-0.14906976744186046,-0.8602013422818791,-0.30796875,-0.2529166666666666,0.5068055555555556,0.2507602339181287
2025-06-26,-0.7134444444444444,-1.1179026217228465,-0.4651898734177215,-1.3826217228464421,-0.8092625368731563,-0.8771511627906977,-2.247684563758389,-0.58078125,-0.8961458333333333,-0.9974999999999999,-0.9737426900584795
2025-06-27,-1.2312962962962963,-0.8792134831460674,-1.029620253164557,-0.2256179775280899,-0.7534808259587021,-0.5217587209302326,-0.5730536912751678,-0.3375390625,-0.3708333333333333,-1.0548611111111112,-0.8874269005847953
2025-06-30,1.1350740740740741,-0.5513857677902622,-0.41455696202531644,0.43576779026217227,-0.0228613569321534,0.1802470930232558,-0.3117785234899329,0.5498828125,0.899375,-0.3245138888888889,0.3946783625730994
2025-07-01,1.1183703703703702,0.1511610486891386,0.8698734177215189,1.8892883895131085,0.4283185840707964,1.0882412790697675,0.5285906040268457,0.4059765625,1.2273958333333332,1.1958333333333333,0.6892982456140351
2025-07-02,0.2700740740740741,-0.5574531835205992,0.3291139240506329,-0.7001123595505618,-0.5599705014749262,0.16765988372093021,-1.073993288590604,0.1023828125,0.7519791666666666,0.24152777777777779,0.07730994152046783
2025-07-03,1.6132592592592592,1.5310486891385768,0.40721518987341776,0.08468164794007492,1.091740412979351,0.7548401162790698,0.7909731543624161,1.4864453125,0.5002083333333333,1.1585416666666668,1.33093567251462
2025-07-04,-1.4654814814814816,-1.135243445692884,-0.7883544303797468,-1.0888432835820896,-1.415575221238938,-0.967688953488372,-0.48926421404682274,-1.26859375,-1.235,-1.0879166666666666,-0.8710526315789473
2025-07-07,-0.1825925925925926,0.20779850746268655,-0.7470886075949368,0.2744029850746269,-0.7316814159292035,0.07872093023255815,0.1582943143812709,0.08828124999999999,0.39208333333333334,-0.4498611111111111,-0.3660818713450293
2025-07-08,0.5955185185185184,0.5449253731343284,0.6544303797468355,2.319550561797753,0.7697935103244837,0.880014534883721,0.46444816053511706,-0.024257812500000014,1.0528125000000002,0.6727083333333334,0.9741520467836257
2025-07-09,0.556074074074074,0.31847014925373135,0.7116455696202532,2.5979622641509437,0.6285545722713864,1.0546802325581395,1.2904347826086955,0.9537890625,0.999381443298969,0.5209722222222222,0.9139766081871344
2025-07-10,0.8972592592592592,0.8475746268656716,0.4664556962025317,1.1965789473684212,0.4991150442477876,0.4399418604651163,0.7453846153846154,0.8122265625,0.13907216494845362,0.40388888888888885,-0.044561403508771934
2025-07-11,0.8529629629629629,0.575634328358209,-0.17050632911392405,0.03579545454545454,0.5607964601769911,0.27494186046511626,0.09755852842809364,-0.1282421875,0.62340206185567,0.5525,0.1716959064327485
2025-07-14,0.764888888888889,-0.32167910447761194,0.055569620253164566,1.0160984848484849,0.017994100294985264,0.32522561863173216,-0.5182608695652174,-0.07976562499999999,0.21556701030927833,1.0745833333333334,-0.10005847953216374
2025-07-15,-0.022713754646840147,1.1870149253731344,-0.1062025316455696,-0.4379545454545455,0.7719174041297935,0.09109170305676856,0.20713333333333328,0.7217578125,-0.7041237113402061,-0.09256944444444443,-0.09029239766081873
2025-07-16,-0.22449814126394052,0.1243283582089552,-0.7572151898734177,-1.0750757575757575,0.05513274336283186,-0.33889374090247454,-0.42536666666666667,-0.5574609375,-1.1681443298969072,-0.5334027777777778,-0.39064327485380124
2025-07-17,0.0687732342007435,-0.07917910447761194,-0.06746835443037974,-0.46344696969696975,-0.03979351032448376,0.2617903930131004,-0.14146666666666668,2.4778125,0.25206185567010314,0.03958333333333333,-0.23087719298245615
2025-07-18,0.4276208178438662,-0.2369776119402985,-0.09316455696202532,-0.9868560606060605,-0.2650147492625369,-0.28064046579330426,-0.1714,-0.56953125,-0.459381443298969,-0.14437500000000003,0.3053801169590643
2025-07-21,0.7398884758364312,0.4431716417910448,0.009113924050632908,-0.5364258555133079,0.8507669616519175,0.09142649199417759,0.24450000000000002,-0.7293359375,-0.07948453608247423,-0.12368055555555554,1.0688304093567251
2025-07-22,-0.8567657992565055,-1.0297388059701493,-0.7493670886075949,0.11339622641509434,-1.1934218289085545,-0.6603639010189228,-0.8428666666666668,-0.4886328125,-0.6524742268041237,-0.6197916666666666,-0.8993567251461988
2025-07-23,-0.08040892193308549,-0.3107063197026022,-0.3284810126582279,-0.6912830188679245,-0.32672566371681416,-0.2966957787481805,-1.0889666666666666,0.11175781250000001,-0.2279381443298969,1.1875,0.7938011695906433
2025-07-24,-0.5455018587360595,-0.9209665427509294,-0.529746835443038,-0.921056603773585,-0.32448377581120946,-0.9270991253644315,-1.1085666666666667,-0.0196484375,-1.2102061855670103,-0.6936805555555555,-0.3069590643274854
2025-07-25,-0.40888475836431226,-0.09003717472118956,-0.37746835443037974,0.11316981132075472,-0.40811209439528023,-0.18941690962099125,0.504717607973422,-0.20796874999999998,-0.2317525773195876,-0.21291666666666667,-0.06169590643274852
2025-07-28,-0.4204089219330855,0.4749814126394052,-1.149746835443038,-1.9437121212121211,0.39067846607669615,-1.0672740524781341,-0.8731229235880399,-1.161171875,-2.0355670103092787,-1.0656249999999998,-0.5817441860465117
2025-07-29,0.09862453531598513,-0.5443122676579927,0.5354430379746835,0.4087878787878788,0.2883480825958702,0.2784279475982533,0.05611295681063124,0.2786328125,0.44597938144329896,-0.10347222222222222,0.5783720930232559
2025-07-30,0.5061710037174721,1.142453531598513,-0.1829113924050633,-0.08602272727272726,0.327787610619469,-0.005181950509461434,-0.29335548172757475,-0.617421875,0.15989690721649485,1.122847222222222,0.22063953488372096
2025-07-31,-0.19092936802973978,-0.01828996282527882,0.39848101265822783,0.17492424242424243,-0.015486725663716809,0.25033527696793,0.5637541528239203,0.0671484375,1.3187628865979382,-0.6131944444444444,-0.24017441860465116
2025-08-01,-3.3166914498141264,-3.051003717472119,-2.241772151898734,-3.002661596958175,-3.2918584070796464,-2.452692867540029,-2.876279069767442,-2.7510546875,-2.16,-2.277083333333333,-2.450174418604651
2025-08-04,0.8644237918215614,1.05728624535316,0.8316455696202532,0.873041825095057,1.2861356932153392,1.1544687045123727,1.1763122923588039,0.789453125,0.4841237113402062,0.5097222222222223,0.9512209302325583
2025-08-05,1.7958364312267658,0.9862081784386618,0.840126582278481,0.9940684410646388,1.361504424778761,0.7949781659388646,0.45797342192691026,0.906328125,0.6137113402061856,0.5733333333333334,0.8932558139534883
2025-08-06,1.0992193308550187,0.1712639405204461,0.6036708860759493,0.6415530303030303,0.4784365781710914,0.755938864628821,0.47375415282392025,0.27054687499999996,0.5442268041237114,0.6482638888888889,0.5330232558139535
2025-08-07,0.2504089219330855,0.2928996282527881,0.519746835443038,0.18037878787878786,0.4513569321533923,0.3527656477438137,0.4532558139534884,0.13649805447470817,0.010618556701030925,0.37979166666666664,0.6802325581395349
2025-08-08,-0.024498141263940516,0.5686617100371747,0.3959493670886076,-0.2709090909090909,0.6672566371681415,0.11064046579330421,-0.283687707641196,0.48715953307392995,0.26041237113402066,-0.15986111111111112,0.49761627906976746
2025-08-11,-0.10345724907063199,0.14434944237918215,-0.6625316455696202,-0.45405303030303035,0.38696165191740417,-0.533740902474527,-0.1776079734219269,-0.4464980544747082,-0.15711340206185567,-0.24097222222222225,0.376453488372093
2025-08-12,-0.6924535315985131,-0.533457249070632,0.06556962025316453,0.10049242424242423,-0.2609734513274336,-0.11384279475982532,-0.5437873754152824,-0.2901167315175097,-0.3410309278350515,-0.35909722222222223,0.29534883720930233
2025-08-13,0.3036802973977695,1.4186617100371748,-0.41392405063291143,-0.07958333333333333,0.3368436578171091,0.06324599708879183,-0.1718604651162791,0.8929182879377432,-0.29989690721649487,0.4009027777777778,-0.4262790697674419
2025-08-14,0.2503345724907063,-0.5880669144981413,-0.012405063291139237,-0.2182641509433962,-0.33985250737463124,-0.05549562682215743,0.12578073089700997,0.3918992248062015,0.2537113402061856,0.14527777777777778,0.08732558139534882
2025-08-18,-1.4319702602230482,-1.7221561338289963,-0.9164556962025318,-0.7561509433962263,-1.4543362831858406,-0.686433770014556,-0.9561461794019934,-1.9234108527131784,-1.7937113402061857,-1.0170833333333333,-1.2830813953488371
2025-08-19,-0.7982899628252789,-1.1892193308550185,-0.30936708860759493,-0.4377735849056604,-1.0561764705882353,-0.7273177842565598,-0.3524252491694352,-1.0783333333333331,-0.9752577319587629,-0.4282638888888889,-1.021220930232558
2025-08-20,-0.7048327137546468,-1.3208921933085502,-0.7765822784810127,-0.6678409090909091,-1.5509705882352942,-0.742594752186589,-1.322890365448505,-0.9083333333333333,-0.3738144329896907,-0.2634482758620689,-0.8672093023255814
2025-08-21,0.3919702602230483,0.07572490706319703,0.34037974683544303,0.2957358490566038,0.4430294117647059,0.3076900584795322,-0.0586046511627907,0.08092664092664094,0.42092783505154635,0.3919310344827587,0.2655232558139535
2025-08-22,-0.14137546468401488,0.6559851301115242,0.7425316455696203,0.08352272727272728,0.5833823529411765,0.3211240875912409,0.25830564784053156,0.3649420849420849,0.5671134020618557,0.47420689655172416,0.3048255813953488
2025-08-25,0.8536296296296296,1.469182156133829,0.5572151898734177,0.8276136363636364,1.819235294117647,0.5808175182481752,1.128704318936877,1.0872200772200773,-0.057938144329896905,0.26282758620689656,0.3519186046511628
2025-08-26,-0.1301111111111111,0.40721189591078066,-0.6351898734177215,-0.36696969696969695,0.4485882352941177,-0.13315328467153284,-0.3384385382059801,0.0818918918918919,0.04164948453608243,-0.38124137931034485,-0.402906976744186
2025-08-27,-0.22285185185185186,0.44405204460966546,-0.600632911392405,-0.21484848484848484,-0.04976470588235295,0.0657080291970803,-0.5735215946843853,0.06108108108108108,0.28927835051546397,-0.15096551724137933,0.1288372093023256
2025-08-28,-0.16425925925925927,0.21078066914498142,0.3026582278481012,1.4505681818181817,-0.16191176470588234,-0.03604379562043796,-0.35325581395348843,0.25119691119691123,0.5195876288659793,0.1793793103448276,0.17732558139534885
2025-08-29,-0.5465925925925926,-0.07750929368029742,-0.4565822784810127,-0.09174242424242424,0.2752352941176471,-0.146,-0.11232558139534882,-0.7482625482625483,-0.4282474226804124,-0.4433103448275862,0.4468604651162791
2025-09-01,-1.5271851851851852,-1.5901486988847584,-0.4089873417721519,-0.5331439393939394,-1.2430882352941175,-1.1129343065693431,-1.496810631229236,-1.4061776061776061,-0.228659793814433,-0.8501379310344828,-1.0038372093023256
2025-09-02,-0.018666666666666665,0.7085130111524164,0.15569620253164557,-0.006590909090909095,0.956764705882353,0.33924087591240876,0.9788372093023255,1.0377220077220077,-0.36515463917525776,0.4084137931034483,0.27244186046511626
2025-09-03,0.19692592592592592,0.7959479553903345,-0.11050632911392405,-0.13450757575757574,0.3496764705882353,1.0465693430656935,-0.07192691029900332,0.872934362934363,-0.14319587628865982,0.3890344827586207,0.5075
2025-09-04,0.9555185185185185,0.8995910780669145,0.6668354430379747,0.3751515151515151,1.0491176470588235,0.8714890510948905,0.6885049833887044,1.0141698841698843,0.2572164948453608,0.13620689655172416,1.2006976744186046
2025-09-05,0.15744444444444444,0.6055762081784387,0.3906329113924051,0.3034848484848485,0.5052352941176471,0.28675912408759124,0.4475083056478405,0.5852895752895753,-0.3109278350515464,0.13703448275862068,0.3887790697674418
2025-09-08,0.5415925925925926,0.7680297397769517,2.4416455696202535,0.639090909090909,0.5025219941348974,0.27539473684210525,0.33475083056478405,0.9924324324324325,0.04690721649484537,0.5129655172413793,1.0949418604651164
2025-09-09,0.8063333333333333,1.0992592592592594,0.005443037974683597,1.2959695817490493,0.8363636363636363,-0.055921052631578955,0.7177740863787376,0.2644787644787645,0.281340206185567,0.28372413793103446,0.8073837209302326
2025-09-10,0.379962962962963,0.8518518518518519,0.5279746835443038,0.9990114068441065,1.3851612903225807,0.6867008797653958,0.9601993355481727,0.35027027027027025,0.8154639175257732,0.6093103448275862,1.8280232558139535
2025-09-11,0.3598518518518518,0.2234814814814815,0.3618987341772152,-0.1734980988593156,0.6862756598240469,0.323582966226138,0.27142857142857146,-0.30602316602316604,0.2397938144329897,0.6153103448275862,0.5299418604651163
2025-09-12,0.5457407407407407,1.5151851851851852,-0.040886075949367086,0.5206463878326997,0.8373020527859237,0.5282672540381792,0.7925581395348837,0.978996138996139,1.2070103092783504,0.061931034482758614,0.05656976744186046
2025-09-15,0.2252222222222222,0.9258888888888889,0.05936708860759495,1.0752091254752854,0.7691202346041055,0.21,-0.26797342192691026,0.37857142857142856,0.12237113402061857,0.05710344827586208,-0.2911627906976744
2025-09-16,-0.1082222222222222,0.6925555555555556,-0.11544303797468354,-0.3542205323193916,0.12111436950146627,0.025859030837004398,0.07023255813953487,-0.21250965250965254,-0.6368041237113402,-0.1849655172413793,-0.6568023255813954
2025-09-17,-0.11392592592592592,-0.11744444444444445,-0.5020253164556961,-0.5590494296577947,-0.49618768328445745,0.044302496328928034,-0.1288372093023256,-0.20845559845559847,0.03670103092783503,-0.012689655172413803,-0.36284883720930233
2025-09-18,1.3427777777777778,1.674074074074074,-0.051518987341772134,0.6030038022813689,1.7194721407624634,0.4801762114537445,1.2379734219269103,0.7232046332046332,0.4879381443298969,0.5459310344827586,0.09511627906976745
2025-09-19,-0.4294074074074074,-0.21011111111111114,-0.7151898734177216,-0.3230038022813688,-0.18008797653958944,-0.10571218795888399,0.6400993377483444,0.632046332046332,-0.6302061855670104,-0.41944827586206895,-0.8574418604651162
2025-09-22,0.051666666666666666,0.6277777777777778,-0.3172151898734177,-0.17304182509505703,0.014398826979472156,-0.1215271659324523,-0.137317880794702,0.464980694980695,-0.14329896907216494,-0.4937931034482759,-0.7894186046511628
2025-09-23,-0.12681481481481482,-0.6045185185185186,-0.27835443037974683,-0.5677186311787072,-0.3718181818181818,-0.0658296622613803,-0.3054635761589404,0.26972972972972975,-0.0008247422680412378,-0.2287586206896552,-0.4938953488372093
2025-09-24,-0.8387407407407408,-0.13359259259259257,-0.18278481012658224,-0.9691254752851711,-0.4858064516129032,-0.6500881057268723,-0.4145364238410596,-0.9451737451737452,-1.2021649484536083,-0.21931034482758618,-0.44552325581395347
2025-09-25,-0.18092592592592593,-0.8271851851851852,-0.2546835443037974,-0.3036121673003802,-0.4203225806451613,-0.1775,-0.07460264900662252,-0.8104247104247104,-0.002680412371134,0.31303448275862067,-0.019127906976744175
2025-09-26,-1.7331851851851852,-2.1280740740740742,-1.229620253164557,-0.9119391634980989,-2.0766275659824047,-1.2046176470588235,-2.339072847682119,-1.501081081081081,-0.42731958762886596,-1.3138620689655172,-0.7138372093023256
2025-09-29,0.8870370370370371,1.1912962962962963,0.6982278481012658,1.3326235741444867,1.039824046920821,0.5636029411764706,1.025794701986755,1.0883397683397684,0.7582474226804123,0.6556551724137931,1.5711627906976744
2025-09-30,-0.4139259259259259,-0.34933333333333333,-0.2586075949367089,-0.18173584905660375,-0.3821407624633431,-0.36730486008836527,-1.3146026490066225,-0.3191891891891892,-0.5970103092783505,-0.5582068965517242,0.11866279069767446
2025-10-01,0.2866666666666666,1.1264074074074073,0.5883544303797468,-0.32532075471698113,0.7329032258064516,-0.001369661266568484,-0.3390066225165563,0.4716923076923077,0.07082474226804122,0.04765517241379309,-0.3640697674418604
2025-10-02,0.7177777777777777,1.9006296296296294,0.3553164556962025,0.6402641509433962,1.1756891495601174,0.4454344624447717,0.5559602649006623,0.4493846153846154,-0.27030927835051544,0.4933793103448275,0.3028488372093023
2025-10-10,-0.6408888888888888,0.9926666666666666,-0.6258227848101265,-0.6665151515151515,1.265425219941349,-0.16630338733431516,-0.09867549668874172,-0.7177307692307692,-1.5709278350515463,-0.6715862068965517,-0.41232558139534886
2025-10-13,0.5044444444444444,-0.29266666666666663,-0.5175949367088608,-0.6325757575757576,0.16178885630498532,-0.10855670103092785,-0.5022516556291391,-0.7229615384615384,-0.4597938144329897,-0.4304137931034483,0.8009883720930233
2025-10-14,-0.49307407407407405,-1.4602592592592591,-0.16835443037974682,-0.3108365019011407,-1.0394134897360703,-0.7429749631811488,-0.43993377483443713,-0.9624230769230769,-0.2903092783505155,0.2926206896551724,0.3209883720930233
2025-10-15,1.3938148148148148,1.9493703703703704,1.1537974683544305,1.3577946768060838,2.91791788856305,1.3041678939617083,1.3113245033112582,1.0047307692307692,0.5278350515463918,1.9275862068965517,1.6115697674418605
2025-10-16,0.9977407407407407,-0.19396296296296298,-0.11810126582278481,0.2988167938931298,0.059853372434017595,-0.3297643593519882,-0.7082450331125827,0.23696153846153845,-0.05000000000000002,1.1366206896551725,-0.23459302325581396
2025-10-17,0.08774074074074073,-1.2935555555555556,-1.1160759493670886,-0.9253053435114504,-1.4642815249266863,-1.1140058910162003,-1.9802317880794702,-1.3708461538461538,-1.3044329896907216,-0.6384137931034484,-0.2673837209302326
2025-10-20,0.4081851851851852,1.0968518518518517,0.28430379746835444,1.5413358778625954,1.6432844574780059,0.30832106038291607,0.7176490066225165,0.7633076923076924,0.817938144329897,1.1430344827586207,0.31261627906976747
2025-10-21,-0.2594814814814815,-0.3485925925925926,0.08924050632911389,-0.45087786259541984,-0.4235777126099707,0.09347569955817378,-0.002483443708609273,-0.25811538461538464,-0.19628865979381444,0.8028275862068965,0.16058139534883722
2025-10-22,1.4291851851851851,0.16318518518518516,0.011645569620253165,0.4915267175572519,0.434633431085044,0.5281885125184094,0.8398013245033112,0.41242307692307695,0.498659793814433,1.7844827586206897,0.7819186046511628
2025-10-23,-0.43477777777777776,-0.13644444444444442,-0.17012658227848101,-0.7056321839080459,-0.2902639296187683,-0.33260677466863037,-0.856523178807947,-0.5302692307692308,-0.5831958762886598,-1.1973793103448276,-0.29395348837209306
2025-10-24,1.5323333333333333,0.4927407407407407,0.7917721518987342,0.4378544061302682,1.3211730205278591,-0.0023564064801178133,-0.34380794701986755,-0.2348846153846154,-0.17865979381443298,-0.12524137931034482,0.4180813953488372
2025-10-27,0.562111111111111,0.6146296296296296,0.8284810126582279,1.2912692307692308,0.3949266862170088,0.5864011799410029,0.47367549668874165,2.0447126436781606,0.7796907216494846,-0.39220689655172414,0.10308139534883722
2025-10-28,0.5767037037037037,-0.22088888888888888,-0.21341772151898739,0.08138461538461539,0.14709677419354839,-0.12461651917404129,0.1231456953642384,0.5316858237547893,0.08752577319587627,-0.5608965517241379,-0.4247093023255814
2025-10-29,-0.4302592592592593,0.6067037037037037,-0.15620253164556963,-0.17196153846153847,0.41425219941348973,-0.7390265486725663,0.6315562913907284,-0.9252873563218391,-1.5254639175257731,0.06324137931034483,-0.48104651162790696
2025-10-30,-1.7794444444444444,-1.5048518518518519,-1.2645569620253165,-0.5048076923076923,-1.7794721407624632,-1.1282300884955754,-1.3818211920529802,-1.131992337164751,-1.78979381443299,-0.6358620689655171,-1.5498837209302325
2025-10-31,-0.524962962962963,0.47148148148148145,-0.07341772151898733,-0.3546923076923077,0.3205278592375366,0.09088495575221239,0.3613245033112583,0.4065900383141763,-0.28835051546391754,1.2206206896551726,-0.5748837209302325
2025-11-03,-0.28248148148148144,0.2958148148148148,-1.2277215189873416,-0.25576923076923075,0.8378592375366568,-0.6219469026548673,1.7010891089108908,-0.7281609195402298,-1.9082474226804123,-1.181241379310345,-1.0406395348837207
2025-11-04,0.09218518518518519,-0.35114814814814815,-0.14556962025316456,-0.6076538461538462,-0.08557184750733138,0.30287610619469024,-0.3097029702970297,1.5079693486590038,0.4834020618556701,-0.752,-0.6186046511627906
2025-11-05,-1.6528888888888889,-2.059925925925926,-0.8953164556962026,-0.9807692307692307,-2.8158944281524927,-0.8788938053097345,-1.2435313531353136,0.08708812260536399,-0.49927835051546393,-1.7484827586206897,-1.6869767441860466
2025-11-06,0.22511111111111112,1.1838148148148149,0.5012658227848101,1.5459999999999998,0.5629912023460412,0.2987315634218289,-0.16141914191419143,0.09536398467432952,0.5295876288659793,0.29820689655172417,0.0638953488372093
2025-11-07,-1.3196666666666668,-2.397148148148148,-0.730379746835443,-0.9556153846153846,-1.2193567251461987,-1.0512979351032448,-1.5167656765676567,-1.3922605363984675,-1.2562886597938143,-1.5950344827586207,-0.9326162790697674
2025-11-10,2.0615925925925924,2.179962962962963,1.400886075949367,2.5913846153846154,2.0768713450292395,1.7555457227138642,1.8744884488448845,1.215632183908046,1.6169072164948455,2.27,1.5929069767441861
2025-11-11,-0.07566666666666666,0.3507407407407407,-0.17443037974683542,-0.6511538461538462,-0.2746783625730994,-0.34640117994100295,-1.1017491749174917,-0.23310344827586207,-0.3702061855670103,0.3448965517241379,-0.7894767441860465
2025-11-12,1.8605555555555557,1.6579629629629629,0.7145569620253165,1.717923076923077,1.0350000000000001,1.6074778761061945,1.6841254125412541,2.520842911877395,1.7727835051546392,1.4197241379310344,1.4277325581395348
2025-11-13,0.7080740740740741,0.03340740740740741,0.35822784810126584,-0.07231660231660232,1.481399416909621,0.5805309734513274,-0.15052805280528056,1.4891570881226055,0.18278350515463918,-0.043999999999999984,0.10325581395348839
2025-11-14,-1.5174074074074073,-2.9366666666666665,-0.8586075949367088,-1.3405405405405404,-2.820874635568513,-1.0530530973451329,-1.7926315789473686,-0.28318007662835254,-0.6848453608247423,-1.2577241379310344,-0.6835465116279069
2025-11-17,-0.09844444444444446,0.5835925925925926,0.5539240506329114,-0.2337984496124031,0.12659883720930232,-0.3631268436578171,-0.4672786885245902,0.20486590038314176,-0.6509278350515464,0.14613793103448275,-0.5873255813953489
2025-11-18,-2.583666666666667,-2.7575645756457563,-1.0263291139240507,-1.698139534883721,-2.7925290697674416,-1.653967551622419,-2.700751633986928,-1.6831417624521072,-1.2382474226804123,-2.0590344827586207,-2.120872093023256
2025-11-19,-0.28196296296296297,-0.4729151291512915,-0.17734177215189875,0.22906976744186047,-0.3050872093023256,-0.20707964601769907,0.0023202614379084965,-0.9825670498084291,-0.008556701030927812,0.3017931034482759,-0.07313953488372094
2025-11-20,1.737111111111111,2.1109191176470588,0.9343037974683545,1.3322093023255812,1.7180523255813953,1.5424778761061946,1.6447712418300653,1.7807279693486588,1.7457731958762888,1.4399310344827585,1.211918604651163
2025-11-21,-1.8564814814814814,-3.347169117647059,-0.4474683544303797,-1.2190733590733591,-2.9988081395348836,-1.3268094534711965,-2.1955228758169936,-1.5158237547892721,-0.537319587628866,-0.9590410958904109,-1.63703488372093
2025-11-24,-0.5665555555555556,-0.49488970588235287,0.4165822784810127,-0.3820306513409961,0.10130813953488373,-0.6304726735598227,-0.816764705882353,-0.823969465648855,-0.9311340206185568,-0.7798630136986301,0.07936046511627907
2025-11-25,-0.12370370370370372,1.1252205882352941,-0.5116455696202532,-0.4437931034482759,0.19491279069767442,-0.02299852289512555,-0.006960784313725495,-0.25076335877862593,-0.554639175257732,-0.04705479452054793,-0.32005813953488377
2025-11-26,2.1105185185185187,1.4604411764705882,1.4668354430379746,1.2845210727969347,1.8173546511627905,1.239125925925926,1.2516666666666667,2.2162213740458014,1.3271134020618556,1.1805479452054795,1.526453488372093
2025-11-27,0.7947232472324723,0.5100367647058823,-0.21025316455696202,-0.15595419847328243,0.4053488372093023,0.23445925925925926,-0.020457516339869287,0.15576335877862596,0.2697938144329897,0.3695205479452055,0.11133720930232559
2025-11-28,1.1366051660516605,1.500625,0.34430379746835443,0.7314448669201521,2.154825581395349,1.4420029673590504,2.0984967320261436,3.159198473282443,0.9201030927835051,1.6691095890410959,0.8449418604651162
2025-12-01,0.6735424354243542,1.018345588235294,-0.17481012658227849,0.33090909090909093,0.06918604651162792,0.0313946587537092,0.4585947712418301,0.4800763358778626,-0.05061855670103091,0.045616438356164385,-0.17959302325581394
2025-12-02,1.0265682656826567,0.47522058823529406,0.5145569620253164,1.0465151515151514,1.0815697674418605,1.0427299703264095,0.2768627450980392,0.5711832061068702,0.8040206185567009,1.4766438356164384,0.6405813953488373
2025-12-03,0.48439114391143917,1.2334926470588234,2.548607594936709,0.7875378787878787,1.4773255813953488,0.9487537091988131,0.31735294117647056,-0.021755725190839695,0.44597938144329896,1.4808219178082191,0.3713372093023256
2025-12-04,-0.46870848708487084,-0.9012867647058824,1.3388607594936708,-0.24200757575757575,-0.3388953488372093,0.13343703703703702,-0.37611111111111106,-0.2207251908396947,-0.48154639175257735,0.041712328767123275,-0.621453488372093
2025-12-05,0.4274538745387454,0.6978308823529412,4.675696202531645,0.660188679245283,0.4090988372093023,0.5198074074074074,0.09183006535947713,0.105381679389313,0.014123711340206182,1.5824657534246576,1.5526162790697675
2025-12-08,0.7258671586715868,0.17808823529411763,-0.639873417721519,-0.2524528301886792,0.39293604651162795,-0.43179259259259256,0.0250326797385621,-0.5539312977099237,-0.023092783505154642,0.5061643835616438,-0.06622093023255814
2025-12-09,0.21092250922509226,-0.12676470588235295,-1.9288607594936709,0.13804511278195492,0.05488372093023255,0.05005925925925927,-0.29091503267973856,0.8934732824427482,1.032680412371134,-0.9215068493150684,-0.1794767441860465
2025-12-10,-0.4567158671586716,-0.12430147058823528,0.8373417721518988,-0.4731954887218045,-0.09578488372093022,0.03902222222222223,-0.02055555555555556,0.3091221374045801,-0.2179381443298969,-0.2930821917808219,-0.0505232558139535
2025-12-11,0.0659409594095941,0.4744117647058823,2.1881012658227847,0.27689138576779027,0.3199709302325582,1.1226222222222222,0.5772312703583062,1.389465648854962,0.4539175257731959,0.22547945205479453,0.8218023255813953
2025-12-12,0.18833948339483395,0.48547794117647053,0.330379746835443,1.2293680297397769,1.0932267441860466,0.5047407407407407,0.8963843648208469,-0.13528517110266156,0.5855670103092783,1.6597945205479452,1.5433720930232557
2025-12-15,0.10904059040590407,-0.41801470588235295,0.23113924050632914,-0.2524814814814814,-0.4580523255813953,0.29887407407407407,-0.3002931596091205,-0.1988212927756654,0.36567010309278347,0.3945890410958904,0.3140697674418605
2025-12-16,-1.2897416974169742,-2.1743382352941176,-0.2565822784810126,-0.9437777777777777,-2.2001453488372094,-0.7205637982195846,-0.8447077922077922,-0.47072243346007603,0.14865979381443298,-1.8825342465753425,-1.7115697674418604
2025-12-17,0.7597785977859778,0.8086397058823529,1.618607594936709,0.08992592592592594,-0.038372093023255824,-0.13881305637982197,-0.172987012987013,-0.17980988593155894,1.1797938144329896,0.6978231292517006,0.22581395348837208
2025-12-18,-1.2997047970479703,-0.8909926470588235,0.6158227848101265,-0.13674074074074075,-0.8334011627906976,-0.08866666666666664,-0.7642532467532468,-0.8759695817490494,-0.697216494845361,-0.5645578231292517,0.030348837209302346
2025-12-19,0.6449077490774908,0.7710661764705882,0.95126582278481,1.035239852398524,1.4906976744186045,0.5667851851851852,0.9292857142857142,1.0830798479087453,0.06288659793814429,0.8369387755102041,1.1746511627906977
2025-12-22,0.7816974169741697,1.7078308823529411,-0.7312658227848101,0.6195970695970696,2.0748546511627906,0.7541124260355029,1.4509708737864078,0.11570342205323197,-0.11515463917525771,2.1548979591836734,0.5380813953488371
2025-12-23,-0.8090774907749078,-1.2572426470588234,-1.6273417721518988,-0.6668978102189782,-0.747732558139535,-0.7930621301775148,-1.5427831715210356,-1.1352091254752852,-1.3555670103092785,-1.2729251700680273,-1.0252906976744185
2025-12-24,-0.2499630996309963,-0.5302941176470588,-0.8441772151898734,-0.0644890510948905,-0.4238953488372093,-0.184896449704142,-0.23220064724919093,-0.2626136363636364,0.652680412371134,0.7125170068027211,-0.277906976744186
2025-12-26,-0.4092988929889299,0.8337132352941177,-0.5855696202531645,-0.4567883211678832,0.34412790697674417,-0.4505029585798817,-0.6460517799352751,-0.2216287878787879,-0.8044329896907216,-0.17081632653061227,0.47767441860465115
2025-12-29,-0.5278228782287823,0.9151838235294117,-0.9730379746835444,-0.29849816849816846,1.1954941860465116,-0.07011834319526628,0.363042071197411,0.31757575757575757,0.27082474226804126,0.3061224489795919,0.3196511627906977
2025-12-30,-0.43977859778597783,0.3540441176470588,1.5424050632911392,-0.27706959706959705,-0.549360465116279,-0.29005925925925924,-0.33754045307443364,0.10359848484848486,0.21092783505154636,-0.09816326530612245,-1.1136627906976744
